<?xml version="1.0" encoding="UTF-8"?>
<model package="msorderfiles" baseClass="xPDOObject" platform="mysql" defaultEngine="MyISAM"
       phpdoc-package="msorderfiles"
       version="1.1">

    <object class="msOrderFile" table="msorderfiles" extends="xPDOSimpleObject">
        <field key="order_id" dbtype="int" precision="10" attributes="unsigned" phptype="integer" null="false"/>
        <field key="source" dbtype="int" precision="10" attributes="unsigned" phptype="integer" null="true" default="1"/>
        <field key="context_key" dbtype="varchar" precision="100" phptype="string" null="false" default="mgr"/>
        <field key="name" dbtype="varchar" precision="255" phptype="string" null="true" default=""/>
        <field key="description" dbtype="text" phptype="string" null="true"/>

        <field key="path" dbtype="varchar" precision="255" phptype="string" null="true" default=""/>
        <field key="file" dbtype="varchar" precision="500" phptype="string" null="false"/>
        <field key="url" dbtype="varchar" precision="500" phptype="string" null="true" default=""/>
        <field key="mime" dbtype="varchar" precision="100" phptype="string" null="true"/>
        <field key="ext" dbtype="varchar" precision="10" phptype="string" null="true"/>
        <field key="hash" dbtype="char" precision="40" phptype="string" null="true" default="" index="index"/>
        <field key="size" dbtype="int" precision="10" attributes="unsigned" phptype="integer" null="false" default="0"/>

        <field key="createdon" dbtype="datetime" phptype="datetime" null="true"/>
        <field key="createdby" dbtype="int" precision="10" attributes="unsigned" phptype="integer" null="true" default="0"/>
        <field key="session" dbtype="varchar" precision="255" phptype="string" null="false" default=""/>
        <field key="propkey" dbtype="varchar" precision="255" phptype="string" null="false" default=""/>

        <field key="rank" dbtype="int" precision="4" attributes="unsigned" phptype="integer" null="true" default="0"/>
        <field key="active" dbtype="tinyint" precision="1" phptype="boolean" null="true" default="1"/>
        <field key="properties" dbtype="text" phptype="json" null="true"/>


        <index alias="order_id" name="order_id" primary="false" unique="false" type="BTREE">
            <column key="order_id" length="" collation="A" null="false"/>
        </index>
        <index alias="mime" name="mime" primary="false" unique="false" type="BTREE">
            <column key="mime" length="" collation="A" null="false"/>
        </index>
        <index alias="ext" name="ext" primary="false" unique="false" type="BTREE">
            <column key="ext" length="" collation="A" null="false"/>
        </index>
        <index alias="hash" name="hash" primary="false" unique="false" type="BTREE">
            <column key="hash" length="" collation="A" null="false"/>
        </index>
        <index alias="session" name="session" primary="false" unique="false" type="BTREE">
            <column key="session" length="" collation="A" null="false"/>
        </index>
        <index alias="active" name="active" primary="false" unique="false" type="BTREE">
            <column key="active" length="" collation="A" null="false"/>
        </index>

        <aggregate alias="Order" class="msOrder" local="order_id" foreign="id" cardinality="one" owner="foreign"/>
        <aggregate alias="Source" class="modMediaSource" local="source" foreign="id" cardinality="one" owner="foreign"/>
    </object>

</model>